{'email': '2545e94a8bdcfc18355dfe45258abd2a', 'messageTypeId': 15138, 'transactionalData': '{"email":"carter+nerdwallet2@iterable.com","eventUpdatedAt":"2018-07-12 20:33:57 +00:00","createdAt":"2018-07-12 20:33:57 +00:00","eventName":"dedupe_event","event_id":1}', 'templateId': 490451, 'messageBusId': '010001649034347a-148ffe9c-bb5d-4007-847a-c921479b3365-000000', 'messageId': '53f1647ddd364a308dfe7dfbe30b22d3', 'createdAt': '2018-07-12 20:34:57 +00:00', 'contentId': 1781031, 'campaignId': 341328, 'channelId': 13984}{'email': '316bd9f11e5e353989b67ef8035b5faa', 'messageTypeId': 15137, 'transactionalData': '{"profileUpdatedAt":"2018-07-11 23:29:12 +00:00","credit_score_delta":14,"email":"ssaha+bfd81a4b-cfc9-4e60-b9c6-8f5bdcc8b0ae@nerdwallet.com"}', 'templateId': 489681, 'messageBusId': '010001648bae4960-abc9ac75-2fda-4f75-ad4c-626a763b5101-000000', 'messageId': '3f5a06a2a49a4b5aa33c70303da0bb41', 'createdAt': '2018-07-11 23:30:12 +00:00', 'contentId': 1778049, 'campaignId': 340886, 'channelId': 13983}{'email': '824ecde6ba78fdfd193a1e6b835dc1ba', 'messageTypeId': 15192, 'templateId': 488462, 'messageBusId': '0100016486e9be9f-85604afd-e576-4a9c-a303-b2a940a1cb2c-000000', 'messageId': '94363815c03d4381813142273f9786df', 'createdAt': '2018-07-11 01:17:03 +00:00', 'contentId': 1773204, 'campaignId': 340053, 'channelId': 13983}{'email': '824ecde6ba78fdfd193a1e6b835dc1ba', 'messageTypeId': 15137, 'transactionalData': '{}', 'templateId': 489750, 'messageBusId': '010001648be9a462-c71c70e5-5282-4522-bc33-a77ebe12931e-000000', 'messageId': '10ff90e09a4a40f7941552f42a745077', 'createdAt': '2018-07-12 00:35:02 +00:00', 'contentId': 1778285, 'campaignId': 340944, 'channelId': 13983}{'email': '6fedd6ffd1d1464f89ad29fa6818c203', 'messageTypeId': 15138, 'transactionalData': '{"email":"ssaha+9f5c6634-5e7d-48c0-a8f0-dc773a630179@nerdwallet.com","eventUpdatedAt":"2018-07-12 18:37:26 +00:00","createdAt":"2018-07-12 18:37:26 +00:00","eventName":"dedupe_event","id":"ceea567e-299c-45b5-89aa-4b414e534111"}', 'templateId': 490451, 'messageBusId': '010001648fc89eee-d408311e-9a98-4e2d-bd43-a6f050de84cc-000000', 'messageId': 'ae7881b5425f44dbbe27b112962ff8f2', 'createdAt': '2018-07-12 18:37:27 +00:00', 'contentId': 1781031, 'campaignId': 341328, 'channelId': 13984}{'email': '6fedd6ffd1d1464f89ad29fa6818c203', 'messageTypeId': 15138, 'transactionalData': '{"email":"ssaha+9f5c6634-5e7d-48c0-a8f0-dc773a630179@nerdwallet.com","eventUpdatedAt":"2018-07-12 18:38:27 +00:00","createdAt":"2018-07-12 18:38:27 +00:00","eventName":"dedupe_event","id":"ceea567e-299c-45b5-89aa-4b414e534111"}', 'templateId': 490451, 'messageBusId': '010001648fc98aee-a44ec454-77a2-487c-978a-a7e2c854bd2c-000000', 'messageId': '6ccbd7aa7c194b9e8329c46c275fb2f8', 'createdAt': '2018-07-12 18:38:27 +00:00', 'contentId': 1781031, 'campaignId': 341328, 'channelId': 13984}{'email': '516a6ef978faf0e9dcc7a366739a01f9', 'messageTypeId': 15138, 'transactionalData': '{"email":"ssaha+a49bf4f7-f1d9-490e-a833-a9e46fcdb1e1@nerdwallet.com","eventUpdatedAt":"2018-07-12 19:52:36 +00:00","createdAt":"2018-07-12 19:52:36 +00:00","eventName":"dedupe_event","id":"6a756bb3-1ffa-4630-83d5-34d4bbd2d94c"}', 'templateId': 490451, 'messageBusId': '01000164900e569f-f821d00c-ac9e-4f8a-bae7-f1b6984800b7-000000', 'messageId': 'cc048cf440894e0e99434270c7099181', 'createdAt': '2018-07-12 19:53:36 +00:00', 'contentId': 1781031, 'campaignId': 341328, 'channelId': 13984}{'email': '516a6ef978faf0e9dcc7a366739a01f9', 'messageTypeId': 15138, 'transactionalData': '{"email":"ssaha+a49bf4f7-f1d9-490e-a833-a9e46fcdb1e1@nerdwallet.com","eventUpdatedAt":"2018-07-12 19:54:36 +00:00","createdAt":"2018-07-12 19:54:36 +00:00","eventName":"dedupe_event","id":"6a756bb3-1ffa-4630-83d5-34d4bbd2d94c"}', 'templateId': 490451, 'messageBusId': '0100016490102cdf-0d0ec5ab-28d5-47e2-9e2e-fe422e7573cd-000000', 'messageId': 'e31671cb350a4357923a34b756a13d20', 'createdAt': '2018-07-12 19:55:36 +00:00', 'contentId': 1781031, 'campaignId': 341328, 'channelId': 13984}{'email': '0063fb968a29e19eb72faa4b73d32b0c', 'messageTypeId': 15137, 'templateId': 489404, 'messageBusId': '010001648b34b983-e5b6090d-15cb-400d-9bb1-321a5448db0d-000000', 'messageId': '51942c2d38984a12bd27f072053fcf5a', 'createdAt': '2018-07-11 21:17:25 +00:00', 'contentId': 1776843, 'campaignId': 340684, 'channelId': 13983}{'email': 'f985f45674c138d17887b4dec956f21b', 'messageTypeId': 15137, 'transactionalData': '{"email":"ssaha+ec97270b-8abc-4069-8b47-4589d3e67a1f@nerdwallet.com","eventUpdatedAt":"2018-07-11 21:51:06 +00:00","createdAt":"2018-07-11 21:51:06 +00:00","eventName":"schedule_email_window"}', 'templateId': 489524, 'messageBusId': '010001648b5bb9a5-18a39723-a338-4667-9e83-4fe8eb521817-000000', 'messageId': '18c43bcbfa604a109c0f53ff68eeae15', 'createdAt': '2018-07-11 22:00:01 +00:00', 'contentId': 1777424, 'campaignId': 340766, 'channelId': 13983}{'email': 'f59a5e23cb7dadd590edd056c4513de4', 'messageTypeId': 15192, 'templateId': 488462, 'messageBusId': '0100016486e9beb5-d4c9ce79-5a9f-45e6-b0ca-1d6629c0b84f-000000', 'messageId': '1b6da4d77f3d4c7eba8cf6bfdab6b1e0', 'createdAt': '2018-07-11 01:17:03 +00:00', 'contentId': 1773204, 'campaignId': 340053, 'channelId': 13983}{'email': 'f59a5e23cb7dadd590edd056c4513de4', 'messageTypeId': 15137, 'transactionalData': '{}', 'templateId': 489750, 'messageBusId': '010001648be9a453-ad6187f7-3e91-474a-ad83-67916cfbb5b2-000000', 'messageId': 'dd11dd67d9aa45c5bd21ed8a5520648f', 'createdAt': '2018-07-12 00:35:02 +00:00', 'contentId': 1778285, 'campaignId': 340944, 'channelId': 13983}{'email': 'c8708fd57680b47da585067c9ec67647', 'messageTypeId': 15138, 'transactionalData': '{"email":"ssaha+185096ee-9e3a-422c-bf64-241762a46693@nerdwallet.com","eventUpdatedAt":"2018-07-12 18:45:58 +00:00","createdAt":"2018-07-12 18:45:58 +00:00","eventName":"dedupe_event","id":"59d7291d-9896-4b41-8d38-b1346a5b2335"}', 'templateId': 490451, 'messageBusId': '010001648fd15a0d-dc4e9a40-e91a-427c-a8f5-053f34a7fa9b-000000', 'messageId': '4d23ea31a2244eec9e57691b2d7c921c', 'createdAt': '2018-07-12 18:46:59 +00:00', 'contentId': 1781031, 'campaignId': 341328, 'channelId': 13984}{'email': '09c621514feceab363247635f373281f', 'messageTypeId': 15192, 'templateId': 488417, 'messageBusId': '0100016486a48887-1085a8e8-d396-415f-aa33-c4489e44878f-000000', 'messageId': 'f3cc9b63682e4ac79b87fa165332f89a', 'createdAt': '2018-07-11 00:01:27 +00:00', 'contentId': 1772930, 'campaignId': 340029, 'channelId': 13983}{'email': '65cda59b52fb2e329f4e67dd77b1300c', 'messageTypeId': 15192, 'templateId': 488417, 'messageBusId': '0100016486a4886e-b2aeb820-1128-4179-ba9d-552fef7599b1-000000', 'messageId': '50b0f798be404ad6ab0e17668a754b9c', 'createdAt': '2018-07-11 00:01:27 +00:00', 'contentId': 1772930, 'campaignId': 340029, 'channelId': 13983}{'email': '09c621514feceab363247635f373281f', 'messageTypeId': 15192, 'templateId': 488462, 'messageBusId': '0100016486e9bea6-18e7986f-572c-4e3f-9bbb-10bd328104c2-000000', 'messageId': 'cd882b4bd5094f82a60e4ed0bf78f745', 'createdAt': '2018-07-11 01:17:03 +00:00', 'contentId': 1773204, 'campaignId': 340053, 'channelId': 13983}{'email': '65cda59b52fb2e329f4e67dd77b1300c', 'messageTypeId': 15192, 'templateId': 488462, 'messageBusId': '0100016486e9beb8-9f6e4a91-3da4-4e61-846b-cbc619e43678-000000', 'messageId': '4a6e4b6dfaa94d9a9ced31d09d741c05', 'createdAt': '2018-07-11 01:17:03 +00:00', 'contentId': 1773204, 'campaignId': 340053, 'channelId': 13983}{'email': '09c621514feceab363247635f373281f', 'messageTypeId': 15137, 'transactionalData': '{}', 'templateId': 489750, 'messageBusId': '010001648bf2f310-b84f954d-93cd-4aa3-9730-496f1bca0585-000000', 'messageId': '4d59f863d62743069783086e338e4a8d', 'createdAt': '2018-07-12 00:45:12 +00:00', 'contentId': 1778285, 'campaignId': 340944, 'channelId': 13983}{'email': 'be61a4b0b636bc538fec3063d2e51b34', 'messageTypeId': 15138, 'transactionalData': '{"email":"ssaha+30b8bbec-e398-401d-8d4f-2fe9b82a7d09@nerdwallet.com","eventUpdatedAt":"2018-07-12 18:28:34 +00:00","createdAt":"2018-07-12 18:28:34 +00:00","eventName":"dedupe_event","id":"80fe96a4-7067-4a90-825e-4287eaa442ea"}', 'templateId': 490451, 'messageBusId': '010001648fc0806c-56256039-a8da-4c57-8571-c49c4f30fc1a-000000', 'messageId': '5890977abfe146258527d8ded1f2e4c2', 'createdAt': '2018-07-12 18:28:35 +00:00', 'contentId': 1781031, 'campaignId': 341328, 'channelId': 13984}{'email': '65cda59b52fb2e329f4e67dd77b1300c', 'messageTypeId': 15137, 'transactionalData': '{}', 'templateId': 489750, 'messageBusId': '010001648be9a458-4812fda1-5e7b-48e6-afc6-9ff69be1f408-000000', 'messageId': '3671f0ca59304d478aa01fafe7c712ca', 'createdAt': '2018-07-12 00:35:02 +00:00', 'contentId': 1778285, 'campaignId': 340944, 'channelId': 13983}{'email': '91ea81446984fccc9c98e4be894cecaf', 'messageTypeId': 15138, 'transactionalData': '{"email":"ssaha+091a8e0e-974f-4f2f-a3cb-3c2f11cd420f@nerdwallet.com","eventUpdatedAt":"2018-07-12 18:49:25 +00:00","createdAt":"2018-07-12 18:49:25 +00:00","eventName":"dedupe_event","id":"e7b5e3cc-5334-4398-a03c-578835e1dc2e"}', 'templateId': 490451, 'messageBusId': '010001648fd47ff1-4ea5f25d-d35f-4ea6-8571-675830a99431-000000', 'messageId': '856ff4a411814c32ba590f71890414a6', 'createdAt': '2018-07-12 18:50:25 +00:00', 'contentId': 1781031, 'campaignId': 341328, 'channelId': 13984}{'email': '91ea81446984fccc9c98e4be894cecaf', 'messageTypeId': 15138, 'transactionalData': '{"email":"ssaha+091a8e0e-974f-4f2f-a3cb-3c2f11cd420f@nerdwallet.com","eventUpdatedAt":"2018-07-12 18:47:25 +00:00","createdAt":"2018-07-12 18:47:25 +00:00","eventName":"dedupe_event","id":"e7b5e3cc-5334-4398-a03c-578835e1dc2e"}', 'templateId': 490451, 'messageBusId': '010001648fd2a9d2-cf7cbe01-c2b6-4768-a312-88549b9b0a15-000000', 'messageId': '477b0341f4bd485191262da1e199c4b1', 'createdAt': '2018-07-12 18:48:25 +00:00', 'contentId': 1781031, 'campaignId': 341328, 'channelId': 13984}{'email': '2625f087ce94b91dac447afaa8c55f95', 'messageTypeId': 15137, 'transactionalData': '{"email":"ssaha+c5450cf7-8897-4a6f-bd55-08060a3b6810@nerdwallet.com","eventUpdatedAt":"2018-07-11 19:21:13 +00:00","createdAt":"2018-07-11 19:21:13 +00:00","eventName":"credit_monitoring_alert"}', 'templateId': 489326, 'messageBusId': '010001648aca5794-ba712b2c-e1c6-401f-928c-d2cf2111200b-000000', 'messageId': '7911256a60ca44c9ad83d5f55130ac5a', 'createdAt': '2018-07-11 19:21:13 +00:00', 'contentId': 1776494, 'campaignId': 340626, 'channelId': 13983}{'email': 'cb4c61cfe47ab7e9f46562aa60198df2', 'messageTypeId': 15137, 'transactionalData': '{"profileUpdatedAt":"2018-07-11 23:34:31 +00:00","first_name":"Sid","is_active":true,"last_name":"Saha","credit_score_delta":0,"userId":"11c98a44-cde7-46fb-81a7-87c5c9956a67","email":"ssaha+11c98a44-cde7-46fb-81a7-87c5c9956a67@nerdwallet.com"}', 'templateId': 489680, 'messageBusId': '010001648bb3286d-422a1784-7d4d-41b7-8325-1da41deff9e0-000000', 'messageId': 'ac479e0472ee44e886268d5e458ee8e4', 'createdAt': '2018-07-11 23:35:31 +00:00', 'contentId': 1778048, 'campaignId': 340885, 'channelId': 13983}{'email': 'a9fe34c43b99d56fef37e952656c0c8b', 'messageTypeId': 15137, 'templateId': 489404, 'messageBusId': '010001648b3a23b6-e4dd5c2b-a361-40d5-bf99-b4dd925ff677-000000', 'messageId': 'b54ad8ca6f6b4fff852f4146052f2a6d', 'createdAt': '2018-07-11 21:23:20 +00:00', 'contentId': 1776843, 'campaignId': 340684, 'channelId': 13983}{'email': 'bec6b5becafdb3d8750d0de9d016ec60', 'messageTypeId': 15137, 'transactionalData': '{"email":"ssaha+38292391-3a64-44ad-90dc-6e358b5e9068@nerdwallet.com","eventUpdatedAt":"2018-07-12 18:10:05 +00:00","createdAt":"2018-07-12 18:10:05 +00:00","eventName":"dedupe_event","id":"be765a3a-26de-4acf-820c-967bb4176c4d"}', 'templateId': 489687, 'messageBusId': '010001648faf9a37-442f3b21-016c-44aa-9b0e-f667f3a864cf-000000', 'messageId': '0f7373c9cde74e34a44ebc80f734a17f', 'createdAt': '2018-07-12 18:10:07 +00:00', 'contentId': 1778090, 'campaignId': 340889, 'channelId': 13983}{'email': '4e5b597f23259a5267c5c28b0b9236c7', 'messageTypeId': 15137, 'transactionalData': '{}', 'templateId': 489750, 'messageBusId': '010001648be9a495-45c0390c-5430-41a1-a9ec-b3fc7bbd76a9-000000', 'messageId': 'c7fb72502a96435fa1c583361b380c8c', 'createdAt': '2018-07-12 00:35:02 +00:00', 'contentId': 1778285, 'campaignId': 340944, 'channelId': 13983}{'email': '52fd59d952ea963184a40c3dd82fe3a4', 'messageTypeId': 15137, 'transactionalData': '{"emailListId":132691}', 'templateId': 489067, 'messageBusId': '010001648a539437-4624fce8-f90e-4f1c-821e-760d0a2d7d5f-000000', 'messageId': 'd124beb4c50b4321b130faf7477f500d', 'createdAt': '2018-07-11 17:11:30 +00:00', 'contentId': 1775497, 'campaignId': 340460, 'channelId': 13983}{'email': 'c6e7076159aba4191a9edd57ac771b62', 'messageTypeId': 15138, 'transactionalData': '{"email":"ssaha+579aa419-3d4c-41af-aea8-2eee77cfe88c@nerdwallet.com","eventUpdatedAt":"2018-07-12 19:00:40 +00:00","createdAt":"2018-07-12 19:00:40 +00:00","eventName":"dedupe_event","id":"e82145a0-e2cc-44dd-9a98-3b59aeeaede8"}', 'templateId': 490451, 'messageBusId': '010001648fdecb71-48ca3b8a-53a6-4f89-bdd4-4b68710e2ddc-000000', 'messageId': 'e8fbf12643ca4a7387f943a156eecf55', 'createdAt': '2018-07-12 19:01:40 +00:00', 'contentId': 1781031, 'campaignId': 341328, 'channelId': 13984}{'email': 'c6e7076159aba4191a9edd57ac771b62', 'messageTypeId': 15138, 'transactionalData': '{"email":"ssaha+579aa419-3d4c-41af-aea8-2eee77cfe88c@nerdwallet.com","eventUpdatedAt":"2018-07-12 19:02:40 +00:00","createdAt":"2018-07-12 19:02:40 +00:00","eventName":"dedupe_event","id":"e82145a0-e2cc-44dd-9a98-3b59aeeaede8"}', 'templateId': 490451, 'messageBusId': '010001648fe0a492-1e8b2fbb-1348-4864-bc77-fa58438b9548-000000', 'messageId': '2eea811ba8da42a78aeebca53a4aa14f', 'createdAt': '2018-07-12 19:03:41 +00:00', 'contentId': 1781031, 'campaignId': 341328, 'channelId': 13984}{'email': '47b3fc21fdabbf13f10406b6b07f1393', 'messageTypeId': 15137, 'transactionalData': '{"first_name":"Siddharth"}', 'templateId': 489404, 'messageBusId': '010001648b027b49-7a50612a-b412-4155-9e0d-428204c59ed9-000000', 'messageId': '0711f91090b344fc9c09d4bc62e50eac', 'createdAt': '2018-07-11 20:22:33 +00:00', 'contentId': 1776843, 'campaignId': 340684, 'channelId': 13983}{'email': '47b3fc21fdabbf13f10406b6b07f1393', 'messageTypeId': 15137, 'templateId': 489404, 'messageBusId': '010001648b0279eb-4c6e77e8-465c-4fad-a209-6aacbfed35ba-000000', 'messageId': '5b5da090b5934c1c92db5d78276468ec', 'createdAt': '2018-07-11 20:22:32 +00:00', 'contentId': 1776843, 'campaignId': 340684, 'channelId': 13983}{'email': 'd0dee3e7a964cd6461e643bd2a1f8574', 'messageTypeId': 15138, 'transactionalData': '{"email":"ssaha+4117e28f-c861-4376-a9cf-1225f3044f38@nerdwallet.com","eventUpdatedAt":"2018-07-12 18:30:35 +00:00","createdAt":"2018-07-12 18:30:35 +00:00","eventName":"dedupe_event","id":"d07513ec-8d52-4140-8ba2-d77c3cac45e9"}', 'templateId': 490451, 'messageBusId': '010001648fc258b4-7de11a61-9818-46f1-84bb-3d3655eabae4-000000', 'messageId': 'de1830093ba548d4ace11cf6d82ec3ad', 'createdAt': '2018-07-12 18:30:36 +00:00', 'contentId': 1781031, 'campaignId': 341328, 'channelId': 13984}{'email': 'be51626b642f64211cbe2264e974d3c2', 'messageTypeId': 15137, 'transactionalData': '{}', 'templateId': 489750, 'messageBusId': '010001648be9a45e-a40f2203-37e1-4d6e-88f6-8829ca6863d8-000000', 'messageId': 'f1a86814dde14d8b9ff948169ff1f0ad', 'createdAt': '2018-07-12 00:35:02 +00:00', 'contentId': 1778285, 'campaignId': 340944, 'channelId': 13983}{'email': 'd0dee3e7a964cd6461e643bd2a1f8574', 'messageTypeId': 15138, 'transactionalData': '{"email":"ssaha+4117e28f-c861-4376-a9cf-1225f3044f38@nerdwallet.com","eventUpdatedAt":"2018-07-12 18:31:35 +00:00","createdAt":"2018-07-12 18:31:35 +00:00","eventName":"dedupe_event","id":"d07513ec-8d52-4140-8ba2-d77c3cac45e9"}', 'templateId': 490451, 'messageBusId': '010001648fc343b6-33244df4-1391-4495-8963-5b8064d0fe54-000000', 'messageId': '0e85837fffde4908a1c00a1396953547', 'createdAt': '2018-07-12 18:31:36 +00:00', 'contentId': 1781031, 'campaignId': 341328, 'channelId': 13984}{'email': 'dfb9a60afbc55465b47a222a7c63a2ff', 'messageTypeId': 15137, 'transactionalData': '{"email":"ssaha+56965cb3-4372-4e31-bcd0-7740237cdeaf@nerdwallet.com","eventUpdatedAt":"2018-07-12 18:16:03 +00:00","createdAt":"2018-07-12 18:16:03 +00:00","eventName":"dedupe_event","id":"0e62645b-b246-48c1-844b-ca6f3b7e7237"}', 'templateId': 489687, 'messageBusId': '010001648fb509c9-b6a33bc4-a118-4283-bf2f-6a4cd5d9f849-000000', 'messageId': '32d69cd15a424876a3d7f7f6451545a7', 'createdAt': '2018-07-12 18:16:03 +00:00', 'contentId': 1778090, 'campaignId': 340889, 'channelId': 13983}{'email': '73862dd8aa745d389374aae052e1bceb', 'messageTypeId': 15137, 'transactionalData': '{}', 'templateId': 489750, 'messageBusId': '010001648bf2f2f2-8d79a522-fb68-4760-affa-80981a3454d9-000000', 'messageId': 'd94165408dca45be839fd5b437b057e2', 'createdAt': '2018-07-12 00:45:12 +00:00', 'contentId': 1778285, 'campaignId': 340944, 'channelId': 13983}{'email': 'cd775805ffc6564f80d8946dd21fb5a0', 'messageTypeId': 15137, 'transactionalData': '{"email":"ssaha+c050b24c-b023-4692-ba15-ada629b385eb@nerdwallet.com","profileUpdatedAt":"2018-07-11 17:16:09 +00:00","emailListId":[132691],"signupSource":"ListAPI","createdAt":"2018-07-11 17:16:09 +00:00"}', 'templateId': 489067, 'messageBusId': '010001648a57d68e-277e140a-8a06-489d-9a9d-c928120d9346-000000', 'messageId': '987f3245bb704eb38123ffb5aebe4bce', 'createdAt': '2018-07-11 17:16:09 +00:00', 'contentId': 1775497, 'campaignId': 340460, 'channelId': 13983}{'email': '608c88fb2a1f59067ad14c9db24f2f77', 'messageTypeId': 15138, 'transactionalData': '{"email":"carter+nw@iterable.com","eventUpdatedAt":"2018-07-12 19:58:11 +00:00","createdAt":"2018-07-12 19:58:11 +00:00","eventName":"dedupe_event","event_id":1}', 'templateId': 490451, 'messageBusId': '010001649013768c-aa0f5129-4b17-459c-aaeb-61aebae4e7a3-000000', 'messageId': 'c6b2ef864ff14b16b19277dd05d773ba', 'createdAt': '2018-07-12 19:59:12 +00:00', 'contentId': 1781031, 'campaignId': 341328, 'channelId': 13984}{'email': '608c88fb2a1f59067ad14c9db24f2f77', 'messageTypeId': 15138, 'transactionalData': '{"email":"carter+nw@iterable.com","eventUpdatedAt":"2018-07-12 19:56:19 +00:00","createdAt":"2018-07-12 19:56:19 +00:00","eventName":"dedupe_event","event_id":1}', 'templateId': 490451, 'messageBusId': '010001649011bd84-21aba4f5-e774-4ded-8fee-4c65dd2da6e5-000000', 'messageId': '1e226ae8f529465693c83ef827e15eda', 'createdAt': '2018-07-12 19:57:19 +00:00', 'contentId': 1781031, 'campaignId': 341328, 'channelId': 13984}{'email': 'e76ab2e53075b021e7e1c2d267ac74a9', 'messageTypeId': 15138, 'transactionalData': '{"email":"test@placeholder.email","eventUpdatedAt":"2018-07-12 19:55:31 +00:00","createdAt":"2018-07-12 19:55:31 +00:00","eventName":"dedupe_event","event_id":1}', 'templateId': 490451, 'messageId': 'fdc5920590a04a62891eb883a2b72287', 'createdAt': '2018-07-12 19:56:31 +00:00', 'contentId': 1781031, 'campaignId': 341328, 'channelId': 13984}{'email': '10d3104902e99d8ae360e88e427f3e88', 'messageTypeId': 15138, 'transactionalData': '{"email":"carter+nerdwallet1@iterable.com","eventUpdatedAt":"2018-07-12 20:20:41 +00:00","createdAt":"2018-07-12 20:20:41 +00:00","eventName":"dedupe_event","event_id":1}', 'templateId': 490451, 'messageBusId': '0100016490280fde-8ce6ae70-fdab-4a59-b890-cc9b58a940be-000000', 'messageId': '76b9249e788b4ae48a4e8d3177f7c87e', 'createdAt': '2018-07-12 20:21:42 +00:00', 'contentId': 1781031, 'campaignId': 341328, 'channelId': 13984}{'email': '10d3104902e99d8ae360e88e427f3e88', 'messageTypeId': 15138, 'transactionalData': '{"email":"carter+nerdwallet1@iterable.com","eventUpdatedAt":"2018-07-12 20:13:32 +00:00","createdAt":"2018-07-12 20:13:32 +00:00","eventName":"dedupe_event","event_id":1}', 'templateId': 490451, 'messageBusId': '0100016490218489-3df1de8c-d7cb-42e0-af33-0931a58ab82d-000000', 'messageId': '61fd7959bdaa4c71896e340b96411ff3', 'createdAt': '2018-07-12 20:14:33 +00:00', 'contentId': 1781031, 'campaignId': 341328, 'channelId': 13984}{'email': '10d3104902e99d8ae360e88e427f3e88', 'messageTypeId': 15138, 'transactionalData': '{"email":"carter+nerdwallet1@iterable.com","eventUpdatedAt":"2018-07-12 20:15:18 +00:00","createdAt":"2018-07-12 20:15:18 +00:00","eventName":"dedupe_event","event_id":1}', 'templateId': 490451, 'messageBusId': '0100016490231ec4-23688b09-ae17-4742-a10e-584a6c7e8116-000000', 'messageId': 'a7298081b2b747dcb02f9ebd5a42f249', 'createdAt': '2018-07-12 20:16:18 +00:00', 'contentId': 1781031, 'campaignId': 341328, 'channelId': 13984}